{
  "fecha": "2025-10-28T17:47:02.708954Z",
  "usa_smote": true,
  "modelos_seleccionados_prev_commit": [
    "lgb",
    "xgb",
    "rf"
  ],
  "modelo_final": "rf",
  "resultados_test": {
    "lgb": {
      "f1": 0.6385681293302541,
      "auc": 0.9224609615199948,
      "accuracy": 0.8664105847204439,
      "precision": 0.5660184237461617,
      "recall": 0.7324503311258278
    },
    "xgb": {
      "f1": 0.6473265073947668,
      "auc": 0.9229825415570917,
      "accuracy": 0.8676909944515578,
      "precision": 0.5672981056829511,
      "recall": 0.7536423841059603
    },
    "rf": {
      "f1": 0.6616800920598389,
      "auc": 0.9181525352058102,
      "accuracy": 0.8745198463508322,
      "precision": 0.5849440488301119,
      "recall": 0.7615894039735099
    },
    "voting_soft": {
      "f1": 0.6571100917431193,
      "auc": 0.9237996162276083,
      "accuracy": 0.872385830132309,
      "precision": 0.5793731041456016,
      "recall": 0.7589403973509934
    },
    "weighted_soft": {
      "f1": 0.6555683122847302,
      "auc": 0.9241079145053498,
      "accuracy": 0.8719590268886044,
      "precision": 0.5785207700101317,
      "recall": 0.7562913907284768
    },
    "stacking": {
      "f1": 0.6588511137162955,
      "auc": 0.9216472562295626,
      "accuracy": 0.8758002560819462,
      "precision": 0.5909568874868559,
      "recall": 0.7443708609271523
    }
  },
  "resumen_cv_outer": {
    "lgb": {
      "inner_best_f1": 0.9258012194304065,
      "inner_best_auc": 0.9772829969350711,
      "outer_f1_mean": 0.9258015884669083,
      "outer_f1_std": 0.0055053508714012055,
      "outer_auc_mean": 0.9774535431332435,
      "outer_auc_std": 0.002851741044555193
    },
    "xgb": {
      "inner_best_f1": 0.9247315578907345,
      "inner_best_auc": 0.9768895798829851,
      "outer_f1_mean": 0.9246848244852608,
      "outer_f1_std": 0.005404006560998278,
      "outer_auc_mean": 0.976887171585501,
      "outer_auc_std": 0.0028454005739885395
    },
    "rf": {
      "inner_best_f1": 0.9246522349893379,
      "inner_best_auc": 0.9730776228855244,
      "outer_f1_mean": 0.9246981371627557,
      "outer_f1_std": 0.005379438568288899,
      "outer_auc_mean": 0.9731583204849515,
      "outer_auc_std": 0.002684313006362181
    }
  },
  "hiperparametros": {
    "lgb": {
      "n_estimators": 384,
      "num_leaves": 80,
      "max_depth": 6,
      "learning_rate": 0.05910096811544437,
      "subsample": 0.8652635546391355,
      "colsample_bytree": 0.6927211815590127,
      "reg_alpha": 0.6797036849005362,
      "reg_lambda": 0.835452769085921,
      "min_child_samples": 23
    },
    "xgb": {
      "n_estimators": 195,
      "max_depth": 7,
      "learning_rate": 0.07011405448071507,
      "subsample": 0.8181740450088165,
      "colsample_bytree": 0.7862430078275784,
      "reg_alpha": 0.08032723036875547,
      "reg_lambda": 0.8145535637440627,
      "min_child_weight": 1.3400845994018864
    },
    "rf": {
      "n_estimators": 462,
      "max_depth": 20,
      "min_samples_split": 12,
      "min_samples_leaf": 1,
      "max_features": "sqrt",
      "bootstrap": false
    }
  },
  "weights_soft": [
    0.33388688708017394,
    0.33369342107420874,
    0.33241968842973235
  ],
  "diversidad_corr_test": {
    "lgb": {
      "lgb": 1.0,
      "xgb": 0.997304,
      "rf": 0.971767
    },
    "xgb": {
      "lgb": 0.997304,
      "xgb": 1.0,
      "rf": 0.974788
    },
    "rf": {
      "lgb": 0.971767,
      "xgb": 0.974788,
      "rf": 1.0
    }
  },
  "validacion": {
    "outer_cv": {
      "n_splits": 5,
      "shuffle": true,
      "random_state": 42
    },
    "inner_cv": {
      "n_splits": 3,
      "shuffle": true,
      "random_state": 43
    },
    "multi_objetivo": [
      "f1",
      "roc_auc"
    ],
    "optuna_trials_por_modelo": 220
  }
}