{
  "fecha": "2025-10-28T04:51:34.455138Z",
  "usa_smote": true,
  "modelos_seleccionados_prev_commit": [
    "lgb",
    "xgb",
    "rf"
  ],
  "modelo_final": "rf",
  "resultados_test": {
    "lgb": {
      "f1": 0.6385681293302541,
      "auc": 0.9224609615199948,
      "accuracy": 0.8664105847204439,
      "precision": 0.5660184237461617,
      "recall": 0.7324503311258278
    },
    "xgb": {
      "f1": 0.6534090909090909,
      "auc": 0.9220377673813683,
      "accuracy": 0.8698250106700811,
      "precision": 0.572139303482587,
      "recall": 0.7615894039735099
    },
    "rf": {
      "f1": 0.6616800920598389,
      "auc": 0.9181525352058102,
      "accuracy": 0.8745198463508322,
      "precision": 0.5849440488301119,
      "recall": 0.7615894039735099
    },
    "voting_soft": {
      "f1": 0.6536920435031482,
      "auc": 0.9241247614057727,
      "accuracy": 0.8708920187793427,
      "precision": 0.5756048387096774,
      "recall": 0.7562913907284768
    },
    "weighted_soft": {
      "f1": 0.6555683122847302,
      "auc": 0.9241328479179758,
      "accuracy": 0.8719590268886044,
      "precision": 0.5785207700101317,
      "recall": 0.7562913907284768
    },
    "stacking": {
      "f1": 0.6580645161290323,
      "auc": 0.9216459084775288,
      "accuracy": 0.8755868544600939,
      "precision": 0.5905263157894737,
      "recall": 0.743046357615894
    }
  },
  "resumen_cv_outer": {
    "lgb": {
      "inner_best_f1": 0.9258012194304065,
      "inner_best_auc": 0.9772830333479111,
      "outer_f1_mean": 0.9258015884669083,
      "outer_f1_std": 0.0055053508714012055,
      "outer_auc_mean": 0.9774536240661081,
      "outer_auc_std": 0.00285161042151181
    },
    "xgb": {
      "inner_best_f1": 0.9243103476684524,
      "inner_best_auc": 0.9766669849605204,
      "outer_f1_mean": 0.924622555126261,
      "outer_f1_std": 0.004983670062060097,
      "outer_auc_mean": 0.9766774345752104,
      "outer_auc_std": 0.0029709593752111022
    },
    "rf": {
      "inner_best_f1": 0.9246522349893379,
      "inner_best_auc": 0.9730776228855244,
      "outer_f1_mean": 0.9246981371627557,
      "outer_f1_std": 0.005379438568288899,
      "outer_auc_mean": 0.9731583204849515,
      "outer_auc_std": 0.002684313006362181
    }
  },
  "hiperparametros": {
    "lgb": {
      "n_estimators": 384,
      "num_leaves": 80,
      "max_depth": 6,
      "learning_rate": 0.05910096811544437,
      "subsample": 0.8652635546391355,
      "colsample_bytree": 0.6927211815590127,
      "reg_alpha": 0.6797036849005362,
      "reg_lambda": 0.835452769085921,
      "min_child_samples": 23
    },
    "xgb": {
      "n_estimators": 150,
      "max_depth": 6,
      "learning_rate": 0.11925775090495656,
      "subsample": 0.945817613681966,
      "colsample_bytree": 0.931086214759135,
      "reg_alpha": 0.18681422351103644,
      "reg_lambda": 0.8355758798537227,
      "min_child_weight": 1.6193360501176137
    },
    "rf": {
      "n_estimators": 462,
      "max_depth": 20,
      "min_samples_split": 12,
      "min_samples_leaf": 1,
      "max_features": "sqrt",
      "bootstrap": false
    }
  },
  "weights_soft": [
    0.33391082811865624,
    0.3336456717272926,
    0.33244349673792156
  ],
  "diversidad_corr_test": {
    "lgb": {
      "lgb": 1.0,
      "xgb": 0.997463,
      "rf": 0.971767
    },
    "xgb": {
      "lgb": 0.997463,
      "xgb": 1.0,
      "rf": 0.972119
    },
    "rf": {
      "lgb": 0.971767,
      "xgb": 0.972119,
      "rf": 1.0
    }
  },
  "validacion": {
    "outer_cv": {
      "n_splits": 5,
      "shuffle": true,
      "random_state": 42
    },
    "inner_cv": {
      "n_splits": 3,
      "shuffle": true,
      "random_state": 43
    },
    "multi_objetivo": [
      "f1",
      "roc_auc"
    ],
    "optuna_trials_por_modelo": 220
  }
}